"1","ï»¿1/8-Scale Figure","0","1"
"2","A Crying Shota","0","1"
"3","AA! Megami Sama","0","1"
"4","Aerodactyl","0","1"
"5","Ai Mai Mi! Strawberry Egg","0","1"
"6","Ai Yori Aoshi","0","1"
"7","AIR TV","0","1"
"8","Aishiteruze Baby","0","1"
"9","Akagi","0","1"
"10","AKB48","0","1"
"11","Akira","0","1"
"12","Allison & Lillia","0","1"
"13","Amagami SS","0","1"
"14","An Innocent Loli","0","1"
"15","Angel Beats","0","1"
"16","Anime Fillers","0","1"
"17","Anime News Network","0","1"
"18","Animesuki","0","1"
"19","Axis Powers Hetalia","0","1"
"20","Ayumu Eating Strawberries","0","1"
"21","Azumanga Daioh","0","1"
"22","B Gata H Kei","0","1"
"23","Baccano!","0","1"
"24","Baka to Test to Shoukanjuu","0","1"
"25","Bakemonogatari","0","1"
"26","Banner of the Stars","0","1"
"27","Bardiche","0","1"
"28","Berserk","0","1"
"29","Black Lagoon","0","1"
"30","Black Rock Shooter","0","1"
"31","Bleach","0","1"
"32","Blood: The Last Vampire","0","1"
"33","Blue Hair","0","1"
"34","Boku no Pico","0","1"
"35","Boogiepop Phantom","0","1"
"36","Boys Over Flowers","0","1"
"37","Britannia","0","1"
"38","Canaan","0","1"
"39","Card Captor Sakura","0","1"
"40","Chi's Sweet Home","0","1"
"41","Chobits","0","1"
"42","Chrno Crusade","0","1"
"43","CLAMP","0","1"
"44","Claymore","0","1"
"45","CODE GEASS Hangyaku no Lelouch","0","1"
"46","Cowboy Bebop","0","1"
"47","D.C. ~Da Capo~","0","1"
"48","D.Gray-man","0","1"
"49","D.N.Angel","0","1"
"50","Darker than Black","0","1"
"51","DearS","0","1"
"52","DEATH NOTE","0","1"
"53","Dragon Ball","0","1"
"54","Dragon Ball Z","0","1"
"55","Durarara!!","0","1"
"56","Elfen Lied","0","1"
"57","Eureka 7","0","1"
"58","Eureka Seven","0","1"
"59","Evangelion: End of Evangelion","0","1"
"60","Excel Saga","0","1"
"61","Fairy Tail","0","1"
"62","Fangirls","0","1"
"63","Fansubs","0","1"
"64","Fate Clones","0","1"
"65","Fate/stay night","0","1"
"66","Final Fantasy VII","0","1"
"67","Flame of Recca","0","1"
"68","FLCL","0","1"
"69","Fruits Basket","0","1"
"70","Full Metal Panic!","0","1"
"71","Full Moon wo Sagashite","0","1"
"72","Fullmetal Alchemist","0","1"
"73","Furi Kuri","0","1"
"74","Fushigi Yuugi","0","1"
"75","Gakuen Alice","0","1"
"76","Gankutsuo","0","1"
"77","Genshiken","0","1"
"78","Ghost in the Shell","0","1"
"79","Gift ~eternal rainbow~","0","1"
"80","Gintama","0","1"
"81","Girls Bravo","0","1"
"82","Girls Dead Monster","0","1"
"83","Girls with Swords in Snow","0","1"
"84","Golden Boy","0","1"
"85","GONZO","0","1"
"86","Grave of the Fireflies","0","1"
"87","Gravitation TV","0","1"
"88","Great Teacher Onizuka","0","1"
"89","Grenadier","0","1"
"90","Gundam","0","1"
"91","Gundam SEED","0","1"
"92","Gundam SEED Destiny","0","1"
"93","Gundam Wing","0","1"
"94","GunGrave","0","1"
"95","Gunparade March","0","1"
"96","Gunslinger Girl","0","1"
"97","Haibane Renmei","0","1"
"98","Hajime no Ippo","0","1"
"99","Happy Lesson TV","0","1"
"100","He Is My Master","0","1"
"101","Heavenly Tiara","0","1"
"102","Hellsing","0","1"
"103","Hidamari Sketch","0","1"
"104","Higashi no Eden","0","1"
"105","Highschool of the Dead","0","1"
"106","Higurashi no Naku Koro ni","0","1"
"107","Hikaru no Go","0","1"
"108","Hinagiku x Ayumu","0","1"
"109","Hirano Aya Live!","0","1"
"110","Hirano Aya's Forehead","0","1"
"111","Honey and Clover","0","1"
"112","Hoshi no Koe","0","1"
"113","Howl's Moving Castle","0","1"
"114","Hunter X Hunter","0","1"
"115","Ichigo 100%","0","1"
"116","Ichigo Mashimaro","0","1"
"117","Ikkitousen","0","1"
"118","Ima, Sokoni Iru Boku","0","1"
"119","Inuyasha","0","1"
"120","ISML","0","1"
"121","ISML Posters","0","1"
"122","J. C. Staff","0","1"
"123","Japan Saimoe","0","1"
"124","Jigglypuff","0","1"
"125","Kaiji","0","1"
"126","Kaleido Star","0","1"
"127","Kannagi","0","1"
"128","Kannazuki no Miko","0","1"
"129","Kanon","0","1"
"130","Kara no Kyoukai","0","1"
"131","Katekyo Hitman Reborn!","0","1"
"132","Kiddy Grade","0","1"
"133","Kiki's Delivery Service","0","1"
"134","Kimagure Orange Road TV","0","1"
"135","Kimi Ga Nozomu Eien","0","1"
"136","Kimi ni Todoke","0","1"
"137","Kino no Tabi ~the Beautiful World~","0","1"
"138","Kite","0","1"
"139","Kobato","0","1"
"140","Kodomo no Jikan","0","1"
"141","Koi Kaze","0","1"
"142","Korea Best Moe","0","1"
"143","Kure-nai","0","1"
"144","Kuroshitsuji","0","1"
"145","Kyoto Animation","0","1"
"146","La Corda d'Oro","0","1"
"147","Lance of Tlahuizcalpantecuhtli","0","1"
"148","Laputa: Castle in the Sky","0","1"
"149","Last EXILE","0","1"
"150","Little Busters!","0","1"
"151","Louise x Shana","0","1"
"152","Love Hina","0","1"
"153","Loveless","0","1"
"154","Lovely Complex","0","1"
"155","LucidChat","0","1"
"156","Lucky Star","0","1"
"157","Madhouse Studios","0","1"
"158","MADLAX","0","1"
"159","Mahoraba","0","1"
"160","Mahoromatic","0","1"
"161","Mai HiME","0","1"
"162","MAL Updater","0","1"
"163","Maria-sama ga Miteru","0","1"
"164","Martian Successor Nadesico","0","1"
"165","Matantei Loki - Ragnarok","0","1"
"166","Mayoi Neko Overrun","0","1"
"167","Mewtwo","0","1"
"168","Midori no Hibi","0","1"
"169","Millennium Actress","0","1"
"170","Minami-ke","0","1"
"171","Missingno","0","1"
"172","Mnemosyne","0","1"
"173","Moeblob","0","1"
"174","Monster","0","1"
"175","Moyashimon","0","1"
"176","My Neighbor Totoro","0","1"
"177","Nabari no Ou","0","1"
"178","Nagasarete Airantou","0","1"
"179","Nagi x Hayate","0","1"
"180","NANA (TV)","0","1"
"181","NanoFate","0","1"
"182","Narcissu","0","1"
"183","Naruto","0","1"
"184","Natsume Yuujinchou","0","1"
"185","Nausicaa of the Valley of the Wind","0","1"
"186","Negima","0","1"
"187","Neon Genesis Evangelion","0","1"
"188","Ninja Scroll","0","1"
"189","Nodame Cantabile","0","1"
"190","Noir","0","1"
"191","One Piece","0","1"
"192","Onegai Teacher","0","1"
"193","Onegai Twins","0","1"
"194","Ouran High School Host Club","0","1"
"195","Pandora Hearts","0","1"
"196","Paradise Kiss","0","1"
"197","Paradise Lost","0","1"
"198","Paranoia Agent","0","1"
"199","Peace Maker Kurogane","0","1"
"200","Perfect Blue","0","1"
"201","Piano","0","1"
"202","Pita Ten","0","1"
"203","Planet ES","0","1"
"204","Planetarian","0","1"
"205","Pocky Game","0","1"
"206","Pretty Cure","0","1"
"207","Prince of Darkness","0","1"
"208","Princess Lover","0","1"
"209","Princess Mononoke","0","1"
"210","Princess Tutu","0","1"
"211","Production I.G.","0","1"
"212","RahXephon","0","1"
"213","Raising Heart","0","1"
"214","Ran & Miki & Su","0","1"
"215","Ranma 1/2","0","1"
"216","Read or Die","0","1"
"217","Revolutionary Girl Utena","0","1"
"218","Rozen Maiden","0","1"
"219","Rurouni Kenshin","0","1"
"220","Sad Girls in Snow","0","1"
"221","Saikano","0","1"
"222","Saimoe","0","1"
"223","Samurai 7","0","1"
"224","Samurai Champloo","0","1"
"225","Sayonara Zetsubou Sensei","0","1"
"226","School Rumble","0","1"
"227","Scrapped Princess","0","1"
"228","Seikimatsu Occult Gakuin","0","1"
"229","Seirei no Moribito","0","1"
"230","Seiyuu Jokes","0","1"
"231","Serial Experiments Lain","0","1"
"232","Seto No Hanayome","0","1"
"233","SHAFT","0","1"
"234","Shakugan no Shana","0","1"
"235","Shaman King","0","1"
"236","Shana Winning a Saimoe","0","1"
"237","Shigofumi","0","1"
"238","Shingetsutan Tsukihime","0","1"
"239","Shion no Ou","0","1"
"240","SHUFFLE!","0","1"
"241","Shugo Chara!","0","1"
"242","Skip Beat!","0","1"
"243","Sky Girls","0","1"
"244","Slam Dunk","0","1"
"245","Slayers","0","1"
"246","Sokyu No Fafner","0","1"
"247","Sora no Otoshimono","0","1"
"248","Sora no Woto","0","1"
"249","Soul Eater","0","1"
"250","Spice and Wolf","0","1"
"251","Spirited Away","0","1"
"252","Strike Witches","0","1"
"253","Student Council Presidents","0","1"
"254","Student Council Representatives","0","1"
"255","Studio DEEN","0","1"
"256","Studio Ghibli","0","1"
"257","Suzuka","0","1"
"258","Suzumiya Haruhi no Yuutsu","0","1"
"259","Swimming Club Member B","0","1"
"260","Tenjou Tenge","0","1"
"261","The Place Promised in Our Early Days","0","1"
"262","The Prince of Tennis","0","1"
"263","They Are My Noble Masters","0","1"
"264","To Aru Kagaku no Railgun","0","1"
"265","To Heart","0","1"
"266","Toki wo Kakeru Shoujo","0","1"
"267","Tokyo Underground","0","1"
"268","Top wo Nerae!","0","1"
"269","Toradora!","0","1"
"270","Trigun","0","1"
"271","Trinity Blood","0","1"
"272","True Tears","0","1"
"273","Tsubasa Chronicle","0","1"
"274","Twintail Tsundere","0","1"
"275","Type-Moon","0","1"
"276","Utawarerumono","0","1"
"277","Vampire Hunter D: Bloodlust","0","1"
"278","Vampire Knight","0","1"
"279","Vandread","0","1"
"280","Vision of Escaflowne","0","1"
"281","Welcome to the NHK!","0","1"
"282","Whisper of the Heart","0","1"
"283","White Album","0","1"
"284","Wolf's Rain","0","1"
"285","Working!!","0","1"
"286","Youngster Joey's Rattata","0","1"
"287","Yu Yu Hakusho","0","1"
"288","Yui-nyan's guitar","0","1"
"289","Yuri Confessions","0","1"
"290","Zettai Ryouiki","0","1"
"291","Nisemonogatari","0","1"
"292","Fate/Zero","0","1"
"293","Usagi Drop","0","1"
"294","Mahou Shoujo Madoka Magica","0","1"
"295","Steins;Gate","0","1"
"296","Sakamichi no Apollon","0","1"
"297","Acchi Kocchi","0","1"
"298","Nichijou","0","1"
"299","Kore wa Zombie Desu ka?","0","1"
"300","Boku wa Tomodachi ga Sukunai","0","1"
"301","Mirai Nikki","0","1"
"302","Bakuman","0","1"
"303","Tiger & Bunny","0","1"
"304","Another","0","1"
"305","Ao no Exorcist","0","1"
"306","Sankarea","0","1"
"307","Upotte!!","0","1"
"308","Yuru Yuri","0","1"
"309","Hyouka","0","1"
"310","Mouretsu Pirates","0","1"
"311","Saki: Achiga-hen","0","1"
"312","Hanasaku Iroha","0","1"
"313","Ore no Imouto ga Konna ni Kawaii Wake ga Nai","0","1"
"314","The iDOLM@STER","0","1"
"315","Papa no Iu Koto wo Kikinasai!","0","1"
"316","Mayo Chiki!","0","1"
"317","Carnival Phantasm","0","1"
"318","Fractale","0","1"
"319","IS: Infinite Stratos","0","1"
"320","Yumekui Merry","0","1"
"321","A-Channel","0","1"
"322","Hidan no Aria","0","1"
"323","Kaichou wa Maid-sama!","0","1"
"324","Dog Days","0","1"
"325","Angel Beats!","0","1"
"326","Gosick","0","1"
"327","Ben-To","0","1"
"328","K-On!","0","1"
"329","Kami nomi zo Shiru Sekai","0","1"
"330","Mayoi Neko Overrun!","0","1"
"331","Shinryaku! Ika Musume","0","1"
"332","Nurarihyon no Mago","0","1"
"333","Ikoku Meiro no CroisÃ©e","0","1"
"334","Mariaâ€ Holic","0","1"
"335","Aika S. Granzchesta","0","1"
"336","Aisaka Taiga","0","1"
"337","Aizawa Sakuya","0","1"
"338","Akaba Chizuru","0","1"
"339","Akagi Shigeru","0","1"
"340","Akashiya Moka","0","1"
"341","Akiyama Mio","0","1"
"342","Albus Dumbledore","0","1"
"343","Alice Carroll","0","1"
"344","Alice Margatroid","0","1"
"345","Alicia Florence","0","1"
"346","Alicia Testarossa","0","1"
"347","Alisa Bannings","0","1"
"348","Allen Walker","0","1"
"349","Alphonse Elric","0","1"
"350","Alucard","0","1"
"351","Amae Koromo","0","1"
"352","Amamiya Manami","0","1"
"353","Amamiya Yuuko","0","1"
"354","Amane Misa","0","1"
"355","Ana Coppola","0","1"
"356","Andou Mahoro","0","1"
"357","Angela Leon","0","1"
"358","Angelica","0","1"
"359","Aragaki Ayase","0","1"
"360","Arf","0","1"
"361","Aruruu","0","1"
"362","Asahina Mikuru","0","1"
"363","Asahina Suzuka","0","1"
"364","Asakura Nemu","0","1"
"365","Asakura Ryouko","0","1"
"366","Ash Ketchum","0","1"
"367","Athena Glory","0","1"
"368","Ayanami Rei","0","1"
"369","Ayasaki Hayate","0","1"
"370","Ayase Yue","0","1"
"371","Ayuzawa Misaki","0","1"
"372","Beatrice","0","1"
"373","Belldandy","0","1"
"374","Bernkastel","0","1"
"375","Bridget","0","1"
"376","C.C.","0","1"
"377","Caro Ru Lushe","0","1"
"378","Celty Sturluson","0","1"
"379","Charlotte E. Yeager","0","1"
"380","Chen","0","1"
"381","Chidori Kaname","0","1"
"382","Chiharu-chan","0","1"
"383","Chii","0","1"
"384","Chrono Harlaown","0","1"
"385","Ciel Phantomhive","0","1"
"386","Cirno","0","1"
"387","Claes","0","1"
"388","Cloud Strife","0","1"
"389","Crisu","0","1"
"390","Cynthia (Pokemon)","0","1"
"391","Daidouji Tomoyo","0","1"
"392","Dawn (Pokemon)","0","1"
"393","Dlanor A. Knox","0","1"
"394","Edward Elric","0","1"
"395","Eila Ilmatar Juutilainen","0","1"
"396","Elucia de Lute Ima","0","1"
"397","Erica Hartmann","0","1"
"398","Erio Mondial","0","1"
"399","Eruruu","0","1"
"400","Erza Scarlet","0","1"
"401","EVA Unit 01","0","1"
"402","Evangeline McDowell","0","1"
"403","Fate Testarossa","0","1"
"404","Faye Valentine","0","1"
"405","Featherine Augustus Aurora","0","1"
"406","Flandre Scarlet","0","1"
"407","Francesca Lucchini","0","1"
"408","Friedrich","0","1"
"409","Fujibayashi Kyou","0","1"
"410","Fujibayashi Ryou","0","1"
"411","Fujioka Haruhi","0","1"
"412","Fujisaki Nadeshiko","0","1"
"413","Fujiwara no Mokou","0","1"
"414","Fukuji Mihoko","0","1"
"415","Furude Hanyuu","0","1"
"416","Furude Rika","0","1"
"417","Furudo Erika","0","1"
"418","Furukawa Nagisa","0","1"
"419","Gandalf","0","1"
"420","Ganondorf","0","1"
"421","Gertrud Barkhorn","0","1"
"422","Gokou Ruri","0","1"
"423","Gray Fullbuster","0","1"
"424","Hachikuji Mayoi","0","1"
"425","Haku (Naruto)","0","1"
"426","Hakurei Reimu","0","1"
"427","Hanato Kobato","0","1"
"428","Haramura Nodoka","0","1"
"429","Haruna Sairenji","0","1"
"430","Haruno Sakura","0","1"
"431","Hatsune Miku","0","1"
"432","Hazuki","0","1"
"433","Hecate","0","1"
"434","Heiwajima Shizuo","0","1"
"435","Henrietta (GSG)","0","1"
"436","Henrietta de Tristain","0","1"
"437","Hiiragi Kagami","0","1"
"438","Hiiragi Tsukasa","0","1"
"439","Himeji Mizuki","0","1"
"440","Himemiya Chikane","0","1"
"441","Himura Kenshin","0","1"
"442","HinaIchigo","0","1"
"443","Hinamori Amu","0","1"
"444","Hinanai Tenshi","0","1"
"445","Hirai Yukari","0","1"
"446","Hirasawa Ui","0","1"
"447","Hirasawa Yui","0","1"
"448","Hitsugaya Toushirou","0","1"
"449","Holo","0","1"
"450","Hong Meiling","0","1"
"451","Hoshina Utau","0","1"
"452","Houjou Satoko","0","1"
"453","Houraisan Kaguya","0","1"
"454","Hyuuga Hinata","0","1"
"455","Ibuki Fuuko","0","1"
"456","Ibuki Suika","0","1"
"457","Ichinose Kotomi","0","1"
"458","Ika-Musume","0","1"
"459","Ikaros","0","1"
"460","Ikeda Kana","0","1"
"461","Illyasviel von Einzbern","0","1"
"462","Inami Mahiru","0","1"
"463","Index Librorum Prohibitorum","0","1"
"464","Inuyasha","0","1"
"465","Isayama Yomi","0","1"
"466","Isurugi Mio","0","1"
"467","Isurugi Noe","0","1"
"468","Itou Chika","0","1"
"469","Izayoi Sakuya","0","1"
"470","Izumi Konata","0","1"
"471","Kaenbyou Rin","0","1"
"472","Kagamine Len","0","1"
"473","Kagamine Rin","0","1"
"474","Kamina","0","1"
"475","Kamio Misuzu","0","1"
"476","Kanaria","0","1"
"477","Kanda Yuu","0","1"
"478","Karakuri Chachamaru","0","1"
"479","Katagiri Yuuhi","0","1"
"480","Kataoka Yuuki","0","1"
"481","Katsura Hinagiku","0","1"
"482","Katsura Kotonoha","0","1"
"483","Katsura Yukiji","0","1"
"484","Katsuragi Keima","0","1"
"485","Kawashima Ami","0","1"
"486","Kawasumi Mai","0","1"
"487","Kinomoto Sakura","0","1"
"488","Kinoshita Hideyoshi","0","1"
"489","Kirisame Marisa","0","1"
"490","Kirishima Shouko","0","1"
"491","Kiriya Nozomi","0","1"
"492","Komeiji Satori","0","1"
"493","Konjiki no Yami","0","1"
"494","Konpaku Youmu","0","1"
"495","Kosaka Chihiro","0","1"
"496","Kotegawa Yui","0","1"
"497","Kotobuki Tsumugi","0","1"
"498","Kousaka Kirino","0","1"
"499","Kousaka Kyousuke","0","1"
"500","Kuchiki Rukia","0","1"
"501","Kumashiro Maya","0","1"
"502","Kunihiro Hajime","0","1"
"503","Kurata Sayuri","0","1"
"504","Kurosaki Ichigo","0","1"
"505","Kurusugawa Himeko","0","1"
"506","Kushieda Minori","0","1"
"507","Kyon","0","1"
"508","Kyon no Imouto","0","1"
"509","Kyonko","0","1"
"510","L Lawliet","0","1"
"511","Lafiel Abriel","0","1"
"512","Lala Satalin Deviluke","0","1"
"513","Lelouch Lamperouge","0","1"
"514","Lina Inverse","0","1"
"515","Lindy Harlaown","0","1"
"516","Link","0","1"
"517","Lisa","0","1"
"518","Lisanna","0","1"
"519","Louise Valliere","0","1"
"520","Lucy Heartfilia","0","1"
"521","Lutecia Alphine","0","1"
"522","Lynette Bishop","0","1"
"523","Macross Frontier","0","1"
"524","Maehara Shinobu","0","1"
"525","Mako-chan","0","1"
"526","Manabe Nodoka","0","1"
"527","Maria","0","1"
"528","Mashiro Rima","0","1"
"529","Matsuoka Miu","0","1"
"530","Megurine Luka","0","1"
"531","Michaelis Sebastian","0","1"
"532","Minami Chiaki","0","1"
"533","Minami Haruka","0","1"
"534","Minami Kana","0","1"
"535","Minami Touma","0","1"
"536","Minase Nayuki","0","1"
"537","Minna-Dietlinde Wilcke","0","1"
"538","Misaka Mikoto","0","1"
"539","Misaka Shiori","0","1"
"540","Miyafuji Yoshika","0","1"
"541","Miyamura Miyako","0","1"
"542","Miyanaga Saki","0","1"
"543","Miyanokouji Mizuho","0","1"
"544","Miyazaki Nodoka","0","1"
"545","Mizunashi Akari","0","1"
"546","Morishima Haruka","0","1"
"547","Naegino Sora","0","1"
"548","Nagae Iku","0","1"
"549","Nagato Yuki","0","1"
"550","Nakagawa Kanon","0","1"
"551","Nakajima Subaru","0","1"
"552","Nakano Azusa","0","1"
"553","Natsu Dragneel","0","1"
"554","Natsume Maya","0","1"
"555","Negi Springfield","0","1"
"556","Nia Teppelin","0","1"
"557","Niche","0","1"
"558","Nijihara Ink","0","1"
"559","Nina Einstein","0","1"
"560","Nishizawa Ayumu","0","1"
"561","Noumi Kudryavka","0","1"
"562","Nurse Joy","0","1"
"563","Nyanzaburou","0","1"
"564","Nymph","0","1"
"565","Officer Jenny","0","1"
"566","Oikawa Tsurara","0","1"
"567","Okazaki Ushio","0","1"
"568","Onozuka Komachi","0","1"
"569","Ookami Ryouko","0","1"
"570","Orihara Izaya","0","1"
"571","Oshino Shinobu","0","1"
"572","Patchouli Knowledge","0","1"
"573","Perrine-H. Clostermann","0","1"
"574","Pheles","0","1"
"575","Pikachu","0","1"
"576","Precia Testarossa","0","1"
"577","Princess Peach","0","1"
"578","Princess Zelda","0","1"
"579","Ranka Lee","0","1"
"580","Reinforce","0","1"
"581","Reinforce II","0","1"
"582","Reisen Udongein Inaba","0","1"
"583","Remilia Scarlet","0","1"
"584","Rico","0","1"
"585","Rosette Christopher","0","1"
"586","Roy Mustang","0","1"
"587","RX-178 Gundam","0","1"
"588","Ryougi Shiki","0","1"
"589","Ryugamine Mikado","0","1"
"590","Ryuuguu Rena","0","1"
"591","Ryuumonbuchi Touka","0","1"
"592","Saber","0","1"
"593","Saginomiya Isumi","0","1"
"594","Saigyouji Yuyuko","0","1"
"595","Saionji Sekai","0","1"
"596","Sairenji Haruna","0","1"
"597","Sakagami Tomoyo","0","1"
"598","Sakamoto Mio","0","1"
"599","Sakata Gintoki","0","1"
"600","Sakuragi Matsuri","0","1"
"601","Sakurano Kurimu","0","1"
"602","Sakurazaki Setsuna","0","1"
"603","Sally the Witch","0","1"
"604","Sangou Shizuku","0","1"
"605","Sanya V. Litvyak","0","1"
"606","Sanzenin Nagi","0","1"
"607","Saten Ruiko","0","1"
"608","Sawatari Makoto","0","1"
"609","Sebastian Michaelis","0","1"
"610","Sengoku Nadeko","0","1"
"611","Senjougahara Hitagi","0","1"
"612","Sephiroth","0","1"
"613","Seppuku Kuro Usagi","0","1"
"614","Serizawa Fumino","0","1"
"615","Shamal","0","1"
"616","Shameimaru Aya","0","1"
"617","Shana","0","1"
"618","Shidou Mariya","0","1"
"619","Shiina Mafuyu","0","1"
"620","Shiina Minatsu","0","1"
"621","Shinku","0","1"
"622","Shirai Kuroko","0","1"
"623","Shirakawa Kotori","0","1"
"624","Signum","0","1"
"625","Sonohara Anri","0","1"
"626","Sonozaki Mion","0","1"
"627","Sonozaki Shion","0","1"
"628","Sorami Kanata","0","1"
"629","Soryu Asuka Langley","0","1"
"630","Souma Ritsu","0","1"
"631","Souseiseki","0","1"
"632","Suigintou","0","1"
"633","Suiseiseki","0","1"
"634","Sumeragi Kaguya","0","1"
"635","Sunohara Mei","0","1"
"636","Suzumiya Haruhi","0","1"
"637","Tabitha","0","1"
"638","Tachibana Kanade","0","1"
"639","Tainaka Ritsu","0","1"
"640","Takahara Ayumi","0","1"
"641","Takamachi Nanoha","0","1"
"642","Takamachi Vivio","0","1"
"643","Takanashi Souta","0","1"
"644","Takei Hisa","0","1"
"645","Tanamachi Kaoru","0","1"
"646","Taneshima Poplar","0","1"
"647","Teana Lanster","0","1"
"648","Teletha Testarossa","0","1"
"649","Tengen Toppa Gurren Lagann","0","1"
"650","Tennos Athena","0","1"
"651","Todoroki Yachiyo","0","1"
"652","Tohno Shiki","0","1"
"653","Tosaka Rin","0","1"
"654","Touyoko Momoko","0","1"
"655","Triela (GSG)","0","1"
"656","Tsuchimiya Kagura","0","1"
"657","Tsukimiya Ayu","0","1"
"658","Tsukino Usagi","0","1"
"659","Tsukiyomi Ikuto","0","1"
"660","Tsukiyomi Utau","0","1"
"661","Tsukuyomi Komoe","0","1"
"662","Uchiha Sasuke","0","1"
"663","Uiharu Kazari","0","1"
"664","Ushiromiya Ange","0","1"
"665","Ushiromiya Maria","0","1"
"666","Utsuho Reiuji","0","1"
"667","Uzumaki Naruto","0","1"
"668","Vita","0","1"
"669","Voltaire","0","1"
"670","Voltron","0","1"
"671","Watarase Jun","0","1"
"672","Wendy Marvell","0","1"
"673","Wilhelmina Carmel","0","1"
"674","Winry Rockbell","0","1"
"675","Yagami Hayate","0","1"
"676","Yagami Light","0","1"
"677","Yagokoro Eirin","0","1"
"678","Yakumo Hamaji","0","1"
"679","Yakumo Yukari","0","1"
"680","Yamada Aoi","0","1"
"681","Yamaxanadu Shikieiki","0","1"
"682","Yin","0","1"
"683","Yoshida Kazumi","0","1"
"684","Yoshino Sakura","0","1"
"685","Yui-nyan","0","1"
"686","Yuno","0","1"
"687","Yuuki Mikan","0","1"
"688","Yuuno Scrya","0","1"
"689","Zange","0","1"
"690","Miniwa Tsumiki","0","1"
"691","Katou Marika","0","1"
"692","Eucliwood Hellscythe","0","1"
"693","Haruna","0","1"
"694","Yoshida Yuki","0","1"
"695","Seraphim","0","1"
"696","Sarasvati","0","1"
"697","Chiaki Kurihara","0","1"
"698","Gruier Serenity","0","1"
"699","Millhiore Firianno Biscotti","0","1"
"700","Leonmitchelli Galette des Rois","0","1"
"701","Victorique de Blois","0","1"
"702","Kyuubey","0","1"
"703","Akemi Homura","0","1"
"704","Kaname Madoka","0","1"
"705","Miki Sayaka","0","1"
"706","Sakura Kyouko","0","1"
"707","Tomoe Mami","0","1"
"708","Sanka Rea","0","1"
"709","Chitanda Eru","0","1"
"710","Funami Yui","0","1"
"711","Toshinou Kyouko","0","1"
"712","Kagura","0","1"
"713","Okabe Rintarou","0","1"
"714","Makise Kurisu","0","1"
"715","Shiina Mayuri","0","1"
"716","Irisviel von Einzbern","0","1"
"717","Honma Meiko","0","1"
"718","Anjou Naruko","0","1"
"719","Tsurumi Chiriko","0","1"
"720","Natsume Takashi","0","1"
"721","Mukae Ritsuko","0","1"
"722","Kuronuma Sawako","0","1"
"723","Shinonome Hakase","0","1"
"724","Aioi Yuuko","0","1"
"725","Araragi Karen","0","1"
"726","Araragi Tsukihi","0","1"
"727","Mikazuki Yozora","0","1"
"728","Kashiwazaki Sena","0","1"
"729","Hasegawa Kobato","0","1"
"730","Okumura Rin","0","1"
"731","Mephisto Pheles","0","1"
"732","Horizon Ariadust","0","1"
"733","Yuzuriha Inori","0","1"
"734","Takanashi Sora","0","1"
"735","Takanashi Miu","0","1"
"736","Kujikawa Rise","0","1"
"737","Kanoe Yuuko","0","1"
"738","Shirogane Naoto","0","1"
"739","Konoe Subaru","0","1"
"740","Suzutsuki Kanade","0","1"
"741","Ibara Mayaka","0","1"
"742","Misaki Mei","0","1"
"743","Gasai Yuno","0","1"
"744","Haqua du Lot Herminium","0","1"
"745","Nagase Jun","0","1"
"746","Kasuga Kusunoki","0","1"
"747","Dalian","0","1"
"748","Kuroi Mato","0","1"
"749","Kuroyukihime","0","1"
"750","Shinonono Houki","0","1"
"751","Charlotte Dunois","0","1"
"752","Merry Nightmare","0","1"
"753","Nyarlathotep","0","1"
"754","Kanzaki H. Aria","0","1"
"755","Yune","0","1"
"756","Miyanaga Teru","0","1"
"757","Absurd","0","2"
"758","Active","0","2"
"759","Addictive","0","2"
"760","Adorable","0","2"
"761","Affectionate","0","2"
"762","Aged","0","2"
"763","Alluring","0","2"
"764","Amazing","0","2"
"765","American","0","2"
"766","Ancient","0","2"
"767","Animated","0","2"
"768","Annoying","0","2"
"769","Appetizing","0","2"
"770","Armed & Dangerous","0","2"
"771","Arrogant","0","2"
"772","Artistic","0","2"
"773","Astonishing","0","2"
"774","Attractive","0","2"
"775","Authentic","0","2"
"776","Awesome","0","2"
"777","Awkward","0","2"
"778","Bashful","0","2"
"779","Believable","0","2"
"780","Beloved","0","2"
"781","Bewildering","0","2"
"782","Big & Tall","0","2"
"783","Bitter","0","2"
"784","Black & White","0","2"
"785","Bogus","0","2"
"786","Boisterous","0","2"
"787","Bold","0","2"
"788","Boring","0","2"
"789","Brains & Brawn","0","2"
"790","Bright","0","2"
"791","Bright & Shining","0","2"
"792","Brilliant","0","2"
"793","Brutal","0","2"
"794","Bulky","0","2"
"795","Busy","0","2"
"796","Calm","0","2"
"797","Captivating","0","2"
"798","Careless","0","2"
"799","Casual","0","2"
"800","Cautious","0","2"
"801","Charismatic","0","2"
"802","Charming","0","2"
"803","Cheerful","0","2"
"804","Cheesy","0","2"
"805","Chewy","0","2"
"806","Childish","0","2"
"807","Chunky","0","2"
"808","Classic","0","2"
"809","Clean","0","2"
"810","Clear","0","2"
"811","Clever","0","2"
"812","Clueless","0","2"
"813","Clumsy","0","2"
"814","Cold","0","2"
"815","Colorful","0","2"
"816","Comfortable","0","2"
"817","Comical","0","2"
"818","Common","0","2"
"819","Complex","0","2"
"820","Complicated","0","2"
"821","Conceited","0","2"
"822","Confused","0","2"
"823","Confusing","0","2"
"824","Controversial","0","2"
"825","Cool","0","2"
"826","Cool & Collected","0","2"
"827","Corny","0","2"
"828","Corrupt","0","2"
"829","Cosmic","0","2"
"830","Cosmopolitan","0","2"
"831","Costly","0","2"
"832","Courageous","0","2"
"833","Cowardly","0","2"
"834","Cozy","0","2"
"835","Cranky","0","2"
"836","Crazed","0","2"
"837","Crazy","0","2"
"838","Creative","0","2"
"839","Creepy","0","2"
"840","Creepy & Crawly","0","2"
"841","Crisp","0","2"
"842","Crisp & Delicious","0","2"
"843","Cruel","0","2"
"844","Cruel & Unusual","0","2"
"845","Crunchy","0","2"
"846","Cuddly","0","2"
"847","Cut & Dried","0","2"
"848","Cute","0","2"
"849","Cute & Cuddly","0","2"
"850","Dainty","0","2"
"851","Dangerous","0","2"
"852","Daring","0","2"
"853","Dark","0","2"
"854","Darling","0","2"
"855","Dashing","0","2"
"856","Dazed & Confused","0","2"
"857","Dazzling","0","2"
"858","Dead","0","2"
"859","Dead & Gone","0","2"
"860","Deadly","0","2"
"861","Deep","0","2"
"862","Defective","0","2"
"863","Delicate","0","2"
"864","Delicious","0","2"
"865","Delightful","0","2"
"866","Demanding","0","2"
"867","Dense","0","2"
"868","Depressing","0","2"
"869","Desperate","0","2"
"870","Deteriorated","0","2"
"871","Devious","0","2"
"872","Devoted","0","2"
"873","Difficult","0","2"
"874","Dignified","0","2"
"875","Dirty","0","2"
"876","Disagreeable","0","2"
"877","Disappointing","0","2"
"878","Disgraceful","0","2"
"879","Disgusting","0","2"
"880","Distinguished","0","2"
"881","Distracting","0","2"
"882","Disturbed","0","2"
"883","Disturbing","0","2"
"884","Dopey","0","2"
"885","Down & Dirty","0","2"
"886","Down & Out","0","2"
"887","Drab","0","2"
"888","Dramatic","0","2"
"889","Dreadful","0","2"
"890","Dreamy","0","2"
"891","Drunk & Disorderly","0","2"
"892","Dull","0","2"
"893","Dumb","0","2"
"894","Dumb & Dumber","0","2"
"895","Durable","0","2"
"896","Dysfunctional","0","2"
"897","Earthy","0","2"
"898","Easy","0","2"
"899","Eccentric","0","2"
"900","Edgy","0","2"
"901","Edible","0","2"
"902","Elegant","0","2"
"903","Elitist","0","2"
"904","Embarrassing","0","2"
"905","Emotional","0","2"
"906","Enchanting","0","2"
"907","Endangered","0","2"
"908","Energetic","0","2"
"909","Engaging","0","2"
"910","Enjoyable","0","2"
"911","Enlightened","0","2"
"912","Enormous","0","2"
"913","Entertaining","0","2"
"914","Essential","0","2"
"915","Eternal","0","2"
"916","European","0","2"
"917","Evil","0","2"
"918","Exceptional","0","2"
"919","Exciting","0","2"
"920","Exhausting","0","2"
"921","Exotic","0","2"
"922","Expensive","0","2"
"923","Explosive","0","2"
"924","Exquisite","0","2"
"925","Extravagant","0","2"
"926","Extreme","0","2"
"927","Fabulous","0","2"
"928","Fake","0","2"
"929","Familiar","0","2"
"930","Famous","0","2"
"931","Fancy","0","2"
"932","Fantastic","0","2"
"933","Fashionable","0","2"
"934","Fast","0","2"
"935","Fast & Furious","0","2"
"936","Fat & Happy","0","2"
"937","Feisty","0","2"
"938","Feminine","0","2"
"939","Ferocious","0","2"
"940","Festive","0","2"
"941","Filthy","0","2"
"942","Fireproof","0","2"
"943","First-class","0","2"
"944","Fishy","0","2"
"945","Flaky","0","2"
"946","Flamboyant","0","2"
"947","Flammable","0","2"
"948","Flavorful","0","2"
"949","Flawed","0","2"
"950","Flexible","0","2"
"951","Flirtatious","0","2"
"952","Foreign","0","2"
"953","Fragile","0","2"
"954","Fragrant","0","2"
"955","Frail","0","2"
"956","Fresh","0","2"
"957","Friendly","0","2"
"958","Frightening","0","2"
"959","Frisky","0","2"
"960","Frivolous","0","2"
"961","Frustrating","0","2"
"962","Fun","0","2"
"963","Funky","0","2"
"964","Funny","0","2"
"965","Furious","0","2"
"966","Fuzzy","0","2"
"967","Ghetto","0","2"
"968","Gigantic","0","2"
"969","Glamorous","0","2"
"970","Glitzy","0","2"
"971","Global","0","2"
"972","Gloomy","0","2"
"973","Glorious","0","2"
"974","Goody-Goody","0","2"
"975","Goofy","0","2"
"976","Gorgeous","0","2"
"977","Graceful","0","2"
"978","Greasy","0","2"
"979","Gross","0","2"
"980","Grueling","0","2"
"981","Gruesome","0","2"
"982","Grumpy","0","2"
"983","Handsome","0","2"
"984","Handy","0","2"
"985","Hardworking","0","2"
"986","Harmful","0","2"
"987","Harsh","0","2"
"988","Haunting","0","2"
"989","Hazardous","0","2"
"990","Hazy","0","2"
"991","Healthy","0","2"
"992","Heartbreaking","0","2"
"993","Heartless","0","2"
"994","Hearty","0","2"
"995","High & Low","0","2"
"996","Hilarious","0","2"
"997","Hit & Miss","0","2"
"998","Honorable","0","2"
"999","Hopeless","0","2"
"1000","Horrifying","0","2"
"1001","Hostile","0","2"
"1002","Hot","0","2"
"1003","Hot & Cold","0","2"
"1004","Hot & Heavy","0","2"
"1005","Hot & Spicy","0","2"
"1006","Huge","0","2"
"1007","Humorous","0","2"
"1008","Icky","0","2"
"1009","Ideal","0","2"
"1010","Idiotic","0","2"
"1011","Immoral","0","2"
"1012","Important","0","2"
"1013","Impressive","0","2"
"1014","Incredible","0","2"
"1015","Industrious","0","2"
"1016","Inexperienced","0","2"
"1017","Inferior","0","2"
"1018","Influential","0","2"
"1019","Informal","0","2"
"1020","Innocent","0","2"
"1021","Insane","0","2"
"1022","Inspirational","0","2"
"1023","Insulting","0","2"
"1024","Intellectual","0","2"
"1025","Intelligent","0","2"
"1026","Intense","0","2"
"1027","Intoxicating","0","2"
"1028","Intricate","0","2"
"1029","Intriguing","0","2"
"1030","Irresistible","0","2"
"1031","Irritating","0","2"
"1032","Jolly","0","2"
"1033","Joyful","0","2"
"1034","Juicy","0","2"
"1035","Lame","0","2"
"1036","Lazy","0","2"
"1037","Lean & Mean","0","2"
"1038","Legendary","0","2"
"1039","Lewd & Lascivious","0","2"
"1040","Liberated","0","2"
"1041","Light & Fluffy","0","2"
"1042","Little","0","2"
"1043","Lively","0","2"
"1044","Logical","0","2"
"1045","Long & Lean","0","2"
"1046","Loud","0","2"
"1047","Loud & Clear","0","2"
"1048","Lovable","0","2"
"1049","Lucky","0","2"
"1050","Luscious","0","2"
"1051","Luxurious","0","2"
"1052","Magical","0","2"
"1053","Magnetic","0","2"
"1054","Magnificent","0","2"
"1055","Manly","0","2"
"1056","Masculine","0","2"
"1057","Mean","0","2"
"1058","Meek","0","2"
"1059","Melodramatic","0","2"
"1060","Mesmerizing","0","2"
"1061","Messy","0","2"
"1062","Mischievous","0","2"
"1063","Miserable","0","2"
"1064","Misunderstood","0","2"
"1065","Modern","0","2"
"1066","Moe","0","2"
"1067","Mysterious","0","2"
"1068","Mystical","0","2"
"1069","Naive","0","2"
"1070","Nasty","0","2"
"1071","Natural","0","2"
"1072","Naughty","0","2"
"1073","Naughty & Nice","0","2"
"1074","Neat","0","2"
"1075","Neat & Clean","0","2"
"1076","Necessary","0","2"
"1077","Needy","0","2"
"1078","Neglected","0","2"
"1079","Nerdy","0","2"
"1080","Nerve-racking","0","2"
"1081","Neurotic","0","2"
"1082","New & Improved","0","2"
"1083","Non-threatening","0","2"
"1084","Normal","0","2"
"1085","Nutty","0","2"
"1086","Obnoxious","0","2"
"1087","Obscene","0","2"
"1088","Odd","0","2"
"1089","Offensive","0","2"
"1090","Old","0","2"
"1091","Old & Cranky","0","2"
"1092","Old & Wise","0","2"
"1093","Old-fashioned","0","2"
"1094","Orderly","0","2"
"1095","Ordinary","0","2"
"1096","Organic","0","2"
"1097","Outrageous","0","2"
"1098","Overwhelming","0","2"
"1099","Painful","0","2"
"1100","Paranoid","0","2"
"1101","Passionate","0","2"
"1102","Pathetic","0","2"
"1103","Patriotic","0","2"
"1104","Peaceful","0","2"
"1105","Perfect","0","2"
"1106","Perishable","0","2"
"1107","Perky","0","2"
"1108","Perverse","0","2"
"1109","Philosophical","0","2"
"1110","Phony","0","2"
"1111","Pitiful","0","2"
"1112","Plain & Simple","0","2"
"1113","Playful","0","2"
"1114","Plentiful","0","2"
"1115","Plug & Play","0","2"
"1116","Plump & Tender","0","2"
"1117","Politically Correct","0","2"
"1118","Polluted","0","2"
"1119","Popular","0","2"
"1120","Powerful","0","2"
"1121","Practical","0","2"
"1122","Precious","0","2"
"1123","Precise","0","2"
"1124","Pretty","0","2"
"1125","Prim & Proper","0","2"
"1126","Primitive","0","2"
"1127","Principled","0","2"
"1128","Profound","0","2"
"1129","Proper","0","2"
"1130","Puffy","0","2"
"1131","Pure","0","2"
"1132","Puzzling","0","2"
"1133","Quick","0","2"
"1134","Quick & Dirty","0","2"
"1135","Quiet","0","2"
"1136","Quirky","0","2"
"1137","Radiant","0","2"
"1138","Radical","0","2"
"1139","Rare","0","2"
"1140","Raw","0","2"
"1141","Realistic","0","2"
"1142","Reckless","0","2"
"1143","Refined","0","2"
"1144","Refreshing","0","2"
"1145","Regal","0","2"
"1146","Relaxing","0","2"
"1147","Reliable","0","2"
"1148","Repulsive","0","2"
"1149","Reserved","0","2"
"1150","Respectable","0","2"
"1151","Responsible","0","2"
"1152","Revealing","0","2"
"1153","Revolting","0","2"
"1154","Revolutionary","0","2"
"1155","Rich","0","2"
"1156","Ridiculous","0","2"
"1157","Ripe","0","2"
"1158","Risky","0","2"
"1159","Romantic","0","2"
"1160","Rough","0","2"
"1161","Rough & Ready","0","2"
"1162","Saintly","0","2"
"1163","Sappy","0","2"
"1164","Scary","0","2"
"1165","Scenic","0","2"
"1166","Scented","0","2"
"1167","Secretive","0","2"
"1168","Selfish","0","2"
"1169","Sensational","0","2"
"1170","Senseless","0","2"
"1171","Sensible","0","2"
"1172","Sensitive","0","2"
"1173","Sensual","0","2"
"1174","Sexy","0","2"
"1175","Shabby","0","2"
"1176","Shallow","0","2"
"1177","Sharp","0","2"
"1178","Shiny","0","2"
"1179","Shocking","0","2"
"1180","Short & Sweet","0","2"
"1181","Shy","0","2"
"1182","Sick & Tired","0","2"
"1183","Sick & Twisted","0","2"
"1184","Sickening","0","2"
"1185","Significant","0","2"
"1186","Silent","0","2"
"1187","Silly","0","2"
"1188","Slippery","0","2"
"1189","Slow & Steady","0","2"
"1190","Sluggish","0","2"
"1191","Smart","0","2"
"1192","Smelly","0","2"
"1193","Smooth","0","2"
"1194","Smooth & Creamy","0","2"
"1195","Snappy","0","2"
"1196","Soft","0","2"
"1197","Solid","0","2"
"1198","Sophisticated","0","2"
"1199","Sour","0","2"
"1200","Space-aged","0","2"
"1201","Special","0","2"
"1202","Speedy","0","2"
"1203","Spic & Span","0","2"
"1204","Spicy","0","2"
"1205","Spiritual","0","2"
"1206","Spooky","0","2"
"1207","Sporty","0","2"
"1208","Spunky","0","2"
"1209","Squeaky Clean","0","2"
"1210","Stately","0","2"
"1211","Stereotyped","0","2"
"1212","Sticky","0","2"
"1213","Strange","0","2"
"1214","Stunning","0","2"
"1215","Stupid","0","2"
"1216","Sturdy","0","2"
"1217","Stylish","0","2"
"1218","Sultry","0","2"
"1219","Superior","0","2"
"1220","Sweet","0","2"
"1221","Swift","0","2"
"1222","Swift & Sure","0","2"
"1223","Talented","0","2"
"1224","Tame","0","2"
"1225","Tasty","0","2"
"1226","Technological","0","2"
"1227","Temperamental","0","2"
"1228","Tempting","0","2"
"1229","Tender","0","2"
"1230","Terrific","0","2"
"1231","Thick","0","2"
"1232","Thick & Chunky","0","2"
"1233","Timeless","0","2"
"1234","Tormented","0","2"
"1235","Tormenting","0","2"
"1236","Torn & Tattered","0","2"
"1237","Touch & Go","0","2"
"1238","Touchy-Feely","0","2"
"1239","Tough","0","2"
"1240","Trashy","0","2"
"1241","Tried & True","0","2"
"1242","Trite","0","2"
"1243","Trivial","0","2"
"1244","Trustworthy","0","2"
"1245","Tsundere","0","2"
"1246","Twisted","0","2"
"1247","Unbelievable","0","2"
"1248","Unforgettable","0","2"
"1249","Unhealthy","0","2"
"1250","Unnatural","0","2"
"1251","Unreal","0","2"
"1252","Unscrupulous","0","2"
"1253","Unusual","0","2"
"1254","Up & Coming","0","2"
"1255","Up & Down","0","2"
"1256","Uplifting","0","2"
"1257","Useless","0","2"
"1258","Vain","0","2"
"1259","Valuable","0","2"
"1260","Violent","0","2"
"1261","Virtuous","0","2"
"1262","Visionary","0","2"
"1263","Warm","0","2"
"1264","Warm & Cozy","0","2"
"1265","Warm & Fuzzy","0","2"
"1266","Weird","0","2"
"1267","Well-preserved","0","2"
"1268","Whimsical","0","2"
"1269","Wicked","0","2"
"1270","Wild","0","2"
"1271","Wired","0","2"
"1272","Witty","0","2"
"1273","Worldly","0","2"
"1274","Worthless","0","2"
"1275","Young & Restless","0","2"
"1276","Zany","0","2"
"1277","White","0","2"
"1278","Black","0","2"
"1279","Blue","0","2"
"1280","Green","0","2"
"1281","Yellow","0","2"
"1282","Brown","0","2"
"1283","Purple","0","2"
"1284","Pink","0","2"
"1285","Red","0","2"
"1286","Orange","0","2"
"1287","Gray","0","2"